session_id,candidate_id,candidate_name,job_title,round,interview_time,feedback_deadline,interviewer_id,interviewer_name,interviewer_department,submitted,submitted_time,wait_days,comment
1,bd4c,黃國倫,專案經理,1,2026-05-08T05:45:00+00:00,2026-05-10T10:00:00+00:00,3,李四,人資部,True,,2,專案敘述清楚，能說明利害關係人協調方式。
1,bd4c,黃國倫,專案經理,1,2026-05-08T05:45:00+00:00,2026-05-10T10:00:00+00:00,2,張經理,資訊部,True,2026-05-08T10:30:00+00:00,3,面試表現良好，具備專業技能和團隊合作精神。建議進入下一輪面試。
1,bd4c,黃國倫,專案經理,1,2026-05-08T05:45:00+00:00,2026-05-10T10:00:00+00:00,1,王小明,營運部,False,,2,尚未提交，已提醒補上營運面評語。
2,b857,王志強,前端工程師,2,2026-05-09T05:45:00+00:00,2026-05-11T06:00:00+00:00,3,李四,人資部,True,,2,履歷完整，前端專案經驗符合職缺需求。
2,b857,王志強,前端工程師,2,2026-05-09T05:45:00+00:00,2026-05-11T06:00:00+00:00,4,張三,行銷部,True,2026-05-09T09:15:00+00:00,1,能清楚說明元件化與資料流程設計，建議進入下一階段。
2,b857,王志強,前端工程師,2,2026-05-09T05:45:00+00:00,2026-05-11T06:00:00+00:00,1,王小明,營運部,False,,2,尚未提交，等待補齊跨部門合作評語。
3,a12f,李大偉,前端工程師,1,2026-05-08T02:30:00+00:00,2026-05-09T10:00:00+00:00,2,張經理,資訊部,True,2026-05-08T06:10:00+00:00,3,熟悉 Angular 與 TypeScript，能說明表格與表單維護經驗。
3,a12f,李大偉,前端工程師,1,2026-05-08T02:30:00+00:00,2026-05-09T10:00:00+00:00,3,李四,人資部,True,2026-05-08T06:30:00+00:00,3,溝通清楚，能配合人資流程補充履歷資料。
3,a12f,李大偉,前端工程師,1,2026-05-08T02:30:00+00:00,2026-05-09T10:00:00+00:00,4,張三,行銷部,True,2026-05-08T07:20:00+00:00,3,前端基礎穩定，建議進入聯合面試評估。
